<?xml version="1.0" encoding="UTF-8"?>
<!DOCTYPE hibernate-configuration PUBLIC "-//Hibernate/Hibernate Configuration DTD 3.0//EN" "http://www.hibernate.org/dtd/hibernate-configuration-3.0.dtd">
<hibernate-configuration>
	<session-factory>
		<property name="connection.datasource">java:/comp/env/jdbc/practico</property>

		<property name="dialect">org.hibernate.dialect.MySQL5Dialect</property>
		<property name="hibernate.show_sql">true</property>
		<property name="hibernate.format_sql">true</property>
		<property name="hibernate.hbm2ddl.auto">update</property>


		<mapping resource="ar/com/magm/model/Usuario.hbm.xml" />
		<mapping resource="ar/com/magm/model/Cliente.hbm.xml" />
		<mapping resource="ar/com/magm/model/Zona.hbm.xml" />

	</session-factory>
</hibernate-configuration>