<?xml version="1.0" encoding="UTF-8"?>

<faces-config xmlns="http://java.sun.com/xml/ns/javaee"
	xmlns:xsi="http://www.w3.org/2001/XMLSchema-instance"
	xsi:schemaLocation="http://java.sun.com/xml/ns/javaee http://java.sun.com/xml/ns/javaee/web-facesconfig_2_1.xsd"
	version="2.1">
	<application>
		<el-resolver>org.springframework.web.jsf.el.SpringBeanFacesELResolver</el-resolver>

		<locale-config>
			<default-locale>es</default-locale>
			<supported-locale>en</supported-locale>
		</locale-config>
		<resource-bundle>
			<base-name>ar.com.magm.recursos.mensajes</base-name>
			<var>msg</var>
		</resource-bundle>

	</application>
	<!-- <managed-bean> <managed-bean-name>gaugeBean</managed-bean-name> <managed-bean-class>ar.com.magm.web.primefaces.GaugeBean</managed-bean-class> 
		<managed-bean-scope>application</managed-bean-scope> </managed-bean> <managed-bean> 
		<managed-bean-name>ventasBean</managed-bean-name> <managed-bean-class>ar.com.magm.web.primefaces.VentasBean</managed-bean-class> 
		<managed-bean-scope>session</managed-bean-scope> </managed-bean> <managed-bean> 
		<managed-bean-name>loginBean</managed-bean-name> <managed-bean-class>ar.com.magm.web.primefaces.LoginBean</managed-bean-class> 
		<managed-bean-scope>session</managed-bean-scope> </managed-bean> -->
</faces-config>
